{"cameraMode":{"drawMode":0,"name":"Shaded","section":"Shading Mode"},"sceneLighting":true,"audioPlay":false,"sceneViewState":{"showFog":true,"showMaterialUpdate":true,"showSkybox":true,"showFlares":true,"showImageEffects":true,"showParticleSystems":true,"showVisualEffectGraphs":true,"m_FxEnabled":true},"in2DMode":false,"pivot":{"x":0.8001312613487244,"y":1.5021551847457886,"z":0.638866662979126},"rotation":{"x":-0.17939156293869019,"y":-0.7539335489273071,"z":0.22978222370147706,"w":-0.5887541770935059},"size":1.0705506801605225,"orthographic":false}