{"cameraMode":{"drawMode":0,"name":"Shaded","section":"Shading Mode"},"sceneLighting":false,"audioPlay":false,"sceneViewState":{"showFog":true,"showMaterialUpdate":true,"showSkybox":false,"showFlares":true,"showImageEffects":true,"showParticleSystems":true,"showVisualEffectGraphs":true,"m_FxEnabled":true},"in2DMode":false,"pivot":{"x":-0.004703521728515625,"y":1.6478655338287354,"z":0.04894828796386719},"rotation":{"x":-0.05710160359740257,"y":0.9422735571861267,"z":-0.21447409689426423,"w":-0.2507726848125458},"size":1.6214492321014405,"orthographic":false}